Series Name,Series Code,Country Name,Country Code,1990 [YR1990],2000 [YR2000],2016 [YR2016],2017 [YR2017],2018 [YR2018],2019 [YR2019],2020 [YR2020],2021 [YR2021],2022 [YR2022],2023 [YR2023],2024 [YR2024],2025 [YR2025]
"Life expectancy at birth, total (years)",SP.DYN.LE00.IN,Africa Eastern and Southern,AFE,51.0963264543047,52.5573418626777,62.1679813169199,62.5912750961501,63.3306913582336,63.8572612837043,63.7664840026943,62.9799991857494,64.4871517904367,65.1462279163724,65.3499304660954,..
"Life expectancy at birth, total (years)",SP.DYN.LE00.IN,Africa Western and Central,AFW,48.4511588733605,50.292605166594,56.3875627997136,56.6207642286762,57.0307711269764,57.1428268060515,57.3577091392887,57.3550150454372,57.9789954665232,58.8474833840405,59.041538008007,..
"Life expectancy at birth, total (years)",SP.DYN.LE00.IN,Arab World,ARB,62.7559727299802,66.8906998949344,70.8964881164428,71.1128560080647,71.4312997859137,71.8398932674972,70.7265588103862,70.4041144889903,71.8760955992222,72.4446783578531,72.721805028968,..
"Life expectancy at birth, total (years)",SP.DYN.LE00.IN,Caribbean small states,CSS,67.0451505140017,68.3976758324657,72.0516361154512,72.1731041595093,72.2210854022703,72.1292604830284,71.9394359303317,69.9228107471769,72.8322921090607,73.1716450013098,73.3126671321816,..
"Life expectancy at birth, total (years)",SP.DYN.LE00.IN,Central Europe and the Baltics,CEB,70.6563313372586,72.719724722779,76.9703062304413,76.929788715597,76.9764380835075,77.2659141936307,76.0162701269145,74.7232827859077,76.6522987292583,77.7580384683685,77.918095146168,..
"Life expectancy at birth, total (years)",SP.DYN.LE00.IN,Early-demographic dividend,EAR,60.6383261325043,64.2196098284934,69.9484837084835,70.2729949393554,70.5486659921504,70.8424064605001,69.8801308490982,68.1790994839634,71.4304552508694,71.7962449795855,72.0081190674171,..
"Life expectancy at birth, total (years)",SP.DYN.LE00.IN,East Asia & Pacific,EAS,68.2825492584448,71.7028323240299,75.9870166732102,76.0789923585537,76.3914229383171,76.5862412994962,76.5433946923267,76.152941315904,76.6767167147452,76.6572021082574,76.7378937238629,..
"Life expectancy at birth, total (years)",SP.DYN.LE00.IN,East Asia & Pacific (excluding high income),EAP,67.1505842545801,70.7357071585237,75.1559117663434,75.2396714880306,75.57828618156,75.7689690321509,75.6976393295064,75.2781418410849,75.9325409436903,75.8806830895266,75.9593161676786,..
"Life expectancy at birth, total (years)",SP.DYN.LE00.IN,East Asia & Pacific (IDA & IBRD countries),TEA,67.1059418173639,70.8650826611101,75.1832269955477,75.2671640185859,75.6101241544348,75.8042877234534,75.7338497054699,75.3009806060199,75.9610347461336,75.9085643603807,75.9869566179365,..
"Life expectancy at birth, total (years)",SP.DYN.LE00.IN,Euro area,EMU,75.7055750121233,78.039870197159,81.7681051866776,81.747020423342,81.8676373939947,82.1461011396487,81.3366927821764,81.3931203059577,81.4869473735593,82.1378956135498,82.246870032101,..
"Life expectancy at birth, total (years)",SP.DYN.LE00.IN,Europe & Central Asia,ECS,72.1943876550158,73.1137123890211,77.6812778388278,77.8990078299354,78.030262884925,78.3038616280055,77.1754769112247,76.7286208536036,77.8345651348625,78.3912342010497,78.5976161914947,..
"Life expectancy at birth, total (years)",SP.DYN.LE00.IN,Europe & Central Asia (excluding high income),ECA,68.2078850416034,68.8570531906331,74.0313769065099,74.4033539029016,74.5927989243036,74.8158340567546,73.5536868675669,72.8823762052943,74.5731684190474,74.7901416269909,75.1422790044247,..
"Life expectancy at birth, total (years)",SP.DYN.LE00.IN,Europe & Central Asia (IDA & IBRD countries),TEC,68.8738472388555,68.3665797468115,73.6902109808947,74.1318681774556,74.2976622013592,74.590946255432,73.1492512511888,72.1506406826172,74.1883654842503,74.6977324805541,74.965455732724,..
"Life expectancy at birth, total (years)",SP.DYN.LE00.IN,European Union,EUU,74.7025399644901,77.0782450771112,80.9529785979391,80.9301511681956,81.0303425240609,81.3194524901835,80.4414754678551,80.3071959761974,80.7133261894067,81.4249329538218,81.5608466061313,..
"Life expectancy at birth, total (years)",SP.DYN.LE00.IN,Heavily indebted poor countries (HIPC),HPC,49.6690119146523,53.0016053702188,62.005914221112,62.3173413995614,62.8008051848255,63.0919384793173,63.0748180653434,62.5327589317045,63.8422370507134,64.7182457242664,64.9203978854631,..
"Life expectancy at birth, total (years)",SP.DYN.LE00.IN,High income,HIC,74.4738732589655,76.0417568742861,79.7243110737375,79.8536233801599,79.9659745020771,80.1992615325159,79.2041410409855,78.7981548654152,79.4268609745508,80.1496802618874,80.3938747881042,..
"Life expectancy at birth, total (years)",SP.DYN.LE00.IN,IBRD only,IBD,65.1082721278043,68.2869649318369,73.2592309044272,73.4857607809887,73.794943952938,74.031271888226,73.2951356970762,71.974203378406,74.2512821129351,74.5179764623959,74.6728746420716,..
"Life expectancy at birth, total (years)",SP.DYN.LE00.IN,IDA & IBRD total,IBT,62.7732635893125,65.6568764523372,70.6151792552285,70.8321134052096,71.1543116878265,71.3952528317139,70.7501213262472,69.6690947451642,71.6790095761174,71.9999928217283,72.1341361054704,..
"Life expectancy at birth, total (years)",SP.DYN.LE00.IN,IDA blend,IDB,54.9664973426319,55.5992722966425,60.5761664527178,60.818392907263,61.0740542759518,61.3259973798573,60.8180066140619,60.876535738179,62.1288641416852,62.4621643327349,62.619940785485,..
"Life expectancy at birth, total (years)",SP.DYN.LE00.IN,IDA only,IDX,52.8102291496244,56.843202730123,64.3130750207169,64.6129528273956,65.1762396022628,65.586275114442,65.4148502167518,64.8793395181521,66.3634983426878,67.0575957681524,67.2462931175477,..
"Life expectancy at birth, total (years)",SP.DYN.LE00.IN,IDA total,IDA,53.5505329511208,56.4104989348264,62.9933197277529,63.2751134869149,63.732426814433,64.0900291161311,63.8036707405637,63.4785278004251,64.8837178854478,65.4550660808135,65.6366628053028,..
"Life expectancy at birth, total (years)",SP.DYN.LE00.IN,Late-demographic dividend,LTE,68.2431140554747,71.2853076947069,76.2928997245812,76.4174343501022,76.7781489421434,76.9979606258316,76.6935638089228,76.3060137275686,76.9543673255695,77.1240537371626,77.2329659519788,..
"Life expectancy at birth, total (years)",SP.DYN.LE00.IN,Latin America & Caribbean,LCN,67.5066051855487,70.8691414957334,74.6774848833781,74.8318087892113,75.052717198381,75.2042598654921,73.1889367787058,71.8141764640132,74.6472096226697,75.6435273357906,75.8179100020065,..
"Life expectancy at birth, total (years)",SP.DYN.LE00.IN,Latin America & Caribbean (excluding high income),LAC,67.1289430678739,70.5498986335483,74.3981617062286,74.5563362550727,74.7784467692697,74.9415412899456,72.8521491389008,71.442251113131,74.4013120327618,75.3619658099591,75.5362004917305,..
"Life expectancy at birth, total (years)",SP.DYN.LE00.IN,Latin America & the Caribbean (IDA & IBRD countries),TLA,67.2980432149088,70.7184102333167,74.5894794269073,74.7614101353626,74.9760978010797,75.1319711493442,73.0747493617473,71.7449274626405,74.5684293540859,75.5699258379688,75.7447305457286,..
"Life expectancy at birth, total (years)",SP.DYN.LE00.IN,Least developed countries: UN classification,LDC,51.0390684144602,55.4013109927151,63.726492423797,64.0368817418845,64.6054293900193,64.9756210416769,64.8355012784588,64.2699057684324,65.7663286665813,66.5196263232195,66.7090446173001,..
"Life expectancy at birth, total (years)",SP.DYN.LE00.IN,Low & middle income,LMY,62.4191718397035,65.5026469068866,70.5023449377455,70.7083294342373,71.0377085637557,71.2751936184695,70.6688288777218,69.5994726083483,71.5990630119306,71.8872400935005,72.02401270252,..
"Life expectancy at birth, total (years)",SP.DYN.LE00.IN,Low income,LIC,50.2243120665118,53.5658266787602,61.9153373144368,62.1652180538127,62.8810663634809,63.3423644700836,63.3985123751126,62.9162289932422,64.0824869475372,65.0356834241329,65.236848074161,..
"Life expectancy at birth, total (years)",SP.DYN.LE00.IN,Lower middle income,LMC,57.6860707154854,61.067603976086,67.3084956145481,67.6239325402262,67.9414432210583,68.2362841633293,67.6210996997917,66.0070723287166,69.0302473093761,69.3282445149932,69.5243427458333,..
"Life expectancy at birth, total (years)",SP.DYN.LE00.IN,"Middle East, North Africa, Afghanistan & Pakistan",MEA,62.4064340378254,66.2225138150545,70.4288635225293,70.7096592741194,70.9403213532696,71.2438695042576,69.9110789555644,69.7113193479505,71.6917293154863,72.0838364704563,72.3150125047629,..
"Life expectancy at birth, total (years)",SP.DYN.LE00.IN,"Middle East, North Africa, Afghanistan & Pakistan (excluding high income)",MNA,61.86242007335,65.6368471519478,69.5328376363007,69.8141316373328,70.0733668958653,70.417484585256,69.050634286622,68.9280214782653,71.0055315443397,71.2758849884582,71.4871863765917,..
"Life expectancy at birth, total (years)",SP.DYN.LE00.IN,"Middle East, North Africa, Afghanistan & Pakistan (IDA & IBRD)",TMN,61.8297161964841,65.6072409047927,69.4961826399098,69.7772409464567,70.0368444388331,70.3800917806817,69.0090964026373,68.8931032282321,70.965432550888,71.3194560888195,71.5035205544959,..
"Life expectancy at birth, total (years)",SP.DYN.LE00.IN,Middle income,MIC,63.339720868789,66.5190293920721,71.4300275716491,71.6459926445355,71.9484629361219,72.1773912892027,71.5113174647439,70.3885567961503,72.5034114518773,72.7277443304535,72.8726073761326,..
"Life expectancy at birth, total (years)",SP.DYN.LE00.IN,North America,NAC,75.4361985040414,76.8850332429286,78.8800103845064,78.868288279967,78.960276789842,79.1328897249464,77.4492825889982,76.8590190564362,77.817206254568,78.7304513464606,79.2390403034254,..
"Life expectancy at birth, total (years)",SP.DYN.LE00.IN,Not classified,INX,..,..,..,..,..,..,..,..,..,..,..,..
"Life expectancy at birth, total (years)",SP.DYN.LE00.IN,OECD members,OED,74.538567072286,76.8195165967813,79.8914217482034,79.9309175598336,80.0273651713987,80.2449221878264,78.9578582698334,78.5867205183939,79.5170877696899,80.1629734061989,80.3985705098059,..
"Life expectancy at birth, total (years)",SP.DYN.LE00.IN,Other small states,OSS,65.0247123780379,66.4385365444731,71.7707341897413,72.1178742995091,72.4217850423792,72.6570116424877,72.5097097789427,71.7699719301416,72.9062214171014,73.5849815358082,73.8137960223999,..
"Life expectancy at birth, total (years)",SP.DYN.LE00.IN,Pacific island small states,PSS,65.4079695743484,66.8914832838297,68.2856508563666,68.519287500513,68.5825887890247,68.6421578303985,68.3568108792759,67.4810209240703,69.1004348993561,69.2745949035856,69.440356940231,..
"Life expectancy at birth, total (years)",SP.DYN.LE00.IN,Post-demographic dividend,PST,75.473991731623,77.3513756471438,80.611199448631,80.6648214527058,80.7434751770259,80.9699107710013,80.0657027820539,79.7932796702764,80.1925594478523,80.8342678318764,81.1124065061669,..
"Life expectancy at birth, total (years)",SP.DYN.LE00.IN,Pre-demographic dividend,PRE,48.9307310197861,51.7498417942543,59.2361026971089,59.5398409028105,60.207194494983,60.5564155644205,60.5007902438254,60.2743516231876,61.3824217457713,62.1630603690952,62.3537442260657,..
"Life expectancy at birth, total (years)",SP.DYN.LE00.IN,Small states,SST,65.585573984719,66.9881018420458,71.3735507555474,71.6518752446228,71.8640735615265,72.0009607335469,71.8255552822673,70.7756825891382,72.380297225352,72.9130400157843,73.1115272530592,..
"Life expectancy at birth, total (years)",SP.DYN.LE00.IN,South Asia,SAS,58.406615379707,62.8036305165364,69.9184707063298,70.2904723380061,70.6523573971364,70.9975623145981,70.3622206982499,67.8215299767513,72.0115731308447,72.3247648783903,72.5599614464264,..
"Life expectancy at birth, total (years)",SP.DYN.LE00.IN,South Asia (IDA & IBRD),TSA,58.406615379707,62.8036305165364,69.9184707063298,70.2904723380061,70.6523573971364,70.9975623145981,70.3622206982499,67.8215299767513,72.0115731308447,72.3247648783903,72.5599614464264,..
"Life expectancy at birth, total (years)",SP.DYN.LE00.IN,Sub-Saharan Africa,SSF,50.0338461441483,51.6437803457957,59.8122443592399,60.1584852136877,60.7668941967258,61.129417043288,61.1676740309985,60.7030048050853,61.8569116778883,62.6027406477464,62.8036817702073,..
"Life expectancy at birth, total (years)",SP.DYN.LE00.IN,Sub-Saharan Africa (excluding high income),SSA,50.0314347658802,51.6412613573806,59.8109397138943,60.1572303772595,60.7658407661798,61.1283093108513,61.1663194682411,60.701952995968,61.855676568586,62.6015210435979,62.8024124096261,..
"Life expectancy at birth, total (years)",SP.DYN.LE00.IN,Sub-Saharan Africa (IDA & IBRD countries),TSS,50.0338461441483,51.6437803457957,59.8122443592399,60.1584852136877,60.7668941967258,61.129417043288,61.1676740309985,60.7030048050853,61.8569116778883,62.6027406477464,62.8036817702073,..
"Life expectancy at birth, total (years)",SP.DYN.LE00.IN,Upper middle income,UMC,67.3426463450044,70.7453581446278,75.0906548982392,75.2402306964393,75.5511819443353,75.7442027654668,75.0593316548277,74.4180568484505,75.7285192648647,75.9179864449912,76.0451247995029,..
"Life expectancy at birth, total (years)",SP.DYN.LE00.IN,World,WLD,65.1085564186251,67.6504778738489,72.1858228976022,72.3662967648278,72.6442408544831,72.869911203356,72.1832040176208,71.2160780260296,72.9689585478052,73.3302230276374,73.4818184164654,..
"Life expectancy at birth, total (years)",SP.DYN.LE00.IN,Afghanistan,AFG,45.118,55.005,62.646,62.406,62.443,62.941,61.454,60.417,65.617,66.035,66.289,..
"Life expectancy at birth, total (years)",SP.DYN.LE00.IN,Albania,ALB,72.71,74.826,78.643,78.9,79.238,79.467,77.824,76.844,78.769,79.602,79.776,..
"Life expectancy at birth, total (years)",SP.DYN.LE00.IN,Algeria,DZA,67.658,70.576,75.31,75.431,75.555,75.682,73.257,75.208,76.129,76.261,76.475,..
"Life expectancy at birth, total (years)",SP.DYN.LE00.IN,American Samoa,ASM,71.107,71.443,72.64,72.801,72.794,72.751,72.672,72.708,72.752,72.852,72.992,..
"Life expectancy at birth, total (years)",SP.DYN.LE00.IN,Andorra,AND,78.961,81.863,84.489,84.359,84.242,84.098,79.418,82.331,84.016,84.041,84.188,..
"Life expectancy at birth, total (years)",SP.DYN.LE00.IN,Angola,AGO,41.854,46.501,61.619,62.122,62.622,63.051,63.116,62.958,64.246,64.617,64.805,..
"Life expectancy at birth, total (years)",SP.DYN.LE00.IN,Antigua and Barbuda,ATG,73.602,74.819,76.968,77.03,77.132,77.168,77.161,77.197,77.483,77.598,77.766,..
"Life expectancy at birth, total (years)",SP.DYN.LE00.IN,Argentina,ARG,71.615,73.91,76.105,76.543,76.77,76.847,75.878,73.948,75.806,77.395,77.543,..
"Life expectancy at birth, total (years)",SP.DYN.LE00.IN,Armenia,ARM,67.5493658536585,72.8804878048781,74.8682926829268,75.2170731707317,75.619512195122,76.2219512195122,73.3756097560976,72.2780487804878,74.7658536585366,77.4658536585366,78.319512195122,..
"Life expectancy at birth, total (years)",SP.DYN.LE00.IN,Aruba,ABW,72.546,72.939,75.54,75.62,75.88,76.019,75.406,73.655,76.226,76.353,76.5,..
"Life expectancy at birth, total (years)",SP.DYN.LE00.IN,Australia,AUS,76.9946341463415,79.2341463414634,82.4487804878049,82.5,82.7487804878049,82.9,83.2,83.3,83.2,83.0512195121951,83.0512195121951,..
"Life expectancy at birth, total (years)",SP.DYN.LE00.IN,Austria,AUT,75.5682926829269,78.1268292682927,81.6414634146342,81.6439024390244,81.6926829268293,81.8951219512195,81.1926829268293,81.190243902439,81.2951219512195,81.7926829268293,81.9951219512195,..
"Life expectancy at birth, total (years)",SP.DYN.LE00.IN,Azerbaijan,AZE,62.75,65.377,72.568,72.694,73.016,73.29,70.312,70.999,74.125,74.429,74.576,..
"Life expectancy at birth, total (years)",SP.DYN.LE00.IN,"Bahamas, The",BHS,70.945,72.481,74.042,74.031,74.062,71.408,72.994,70.752,74.491,74.552,74.71,..
"Life expectancy at birth, total (years)",SP.DYN.LE00.IN,Bahrain,BHR,72.587,74.673,80.407,80.407,80.412,80.471,78.683,78.083,80.992,81.284,81.423,..
"Life expectancy at birth, total (years)",SP.DYN.LE00.IN,Bangladesh,BGD,55.822,62.049,71.075,71.606,72.122,72.625,71.421,71.103,74.265,74.672,74.93,..
"Life expectancy at birth, total (years)",SP.DYN.LE00.IN,Barbados,BRB,73.463,74.58,76.168,76.237,76.378,76.495,76.647,76.58,75.676,76.178,76.332,..
"Life expectancy at birth, total (years)",SP.DYN.LE00.IN,Belarus,BLR,70.8365853658537,68.9121951219512,73.8268292682927,74.1292682926829,74.1756097560976,74.2268292682927,72.1385609756098,72.0714634146342,74.1033658536585,74.1837804878049,74.3653414634147,..
"Life expectancy at birth, total (years)",SP.DYN.LE00.IN,Belgium,BEL,76.0519512195122,77.7219512195122,81.4390243902439,81.4926829268293,81.5951219512195,81.9951219512195,80.6951219512195,81.790243902439,81.7487804878049,82.4,82.3,..
"Life expectancy at birth, total (years)",SP.DYN.LE00.IN,Belize,BLZ,69.569,68.911,71.843,72.062,72.322,72.577,71.58,70.917,72.19,73.566,73.739,..
"Life expectancy at birth, total (years)",SP.DYN.LE00.IN,Benin,BEN,53.02,56.594,59.283,59.528,59.71,59.888,60.154,59.61,60.475,60.774,60.961,..
"Life expectancy at birth, total (years)",SP.DYN.LE00.IN,Bermuda,BMU,73.952,78.251,80.476,80.686,80.986,81.251,81.456,81.745,82.062,82.309,82.49,..
"Life expectancy at birth, total (years)",SP.DYN.LE00.IN,Bhutan,BTN,55.811,61.842,71.119,71.413,71.711,72.005,72.253,72.448,72.754,72.975,73.262,..
"Life expectancy at birth, total (years)",SP.DYN.LE00.IN,Bolivia,BOL,56.797,62.057,67.392,67.536,67.699,67.82,62.906,61.427,67.434,68.581,68.739,..
"Life expectancy at birth, total (years)",SP.DYN.LE00.IN,Bosnia and Herzegovina,BIH,71.509,75.292,77.124,77.385,77.942,77.394,76.04,74.567,76.777,77.85,78.044,..
"Life expectancy at birth, total (years)",SP.DYN.LE00.IN,Botswana,BWA,60.104,52.263,64.32,65.42,66.371,67.167,67.643,63.303,68.749,69.163,69.293,..
"Life expectancy at birth, total (years)",SP.DYN.LE00.IN,Brazil,BRA,65.862,69.584,75.081,75.383,75.633,75.809,74.506,73.038,74.872,75.848,76.023,..
"Life expectancy at birth, total (years)",SP.DYN.LE00.IN,British Virgin Islands,VGB,72.392,74.753,76.624,75.67,76.728,76.845,76.894,75.297,77.177,77.276,77.431,..
"Life expectancy at birth, total (years)",SP.DYN.LE00.IN,Brunei Darussalam,BRN,71.629,74.017,74.905,74.943,74.992,75.049,75.114,74.869,72.917,75.327,75.501,..
"Life expectancy at birth, total (years)",SP.DYN.LE00.IN,Bulgaria,BGR,71.6414634146342,71.6634146341463,74.8121951219512,74.8146341463415,74.9634146341464,75.1121951219512,73.3560975609756,71.2121951219512,74.1609756097561,75.7560975609756,75.7609756097561,..
"Life expectancy at birth, total (years)",SP.DYN.LE00.IN,Burkina Faso,BFA,49.315,50.808,59.173,59.578,59.972,60.184,60.454,60.046,60.7,61.092,61.292,..
"Life expectancy at birth, total (years)",SP.DYN.LE00.IN,Burundi,BDI,45.184,47.617,60.789,61.345,61.806,62.18,62.569,62.101,62.882,63.651,63.818,..
"Life expectancy at birth, total (years)",SP.DYN.LE00.IN,Cabo Verde,CPV,63.869,68.117,74.35,74.71,74.84,75.449,73.818,74.424,75.907,76.059,76.224,..
"Life expectancy at birth, total (years)",SP.DYN.LE00.IN,Cambodia,KHM,55.205,59.491,69.635,69.842,69.993,70.127,70.059,69.301,70.528,70.668,70.817,..
"Life expectancy at birth, total (years)",SP.DYN.LE00.IN,Cameroon,CMR,54.348,53.338,60.293,60.817,61.189,61.695,61.674,61.146,62.443,63.7,63.968,..
"Life expectancy at birth, total (years)",SP.DYN.LE00.IN,Canada,CAN,77.4365853658537,79.1668292682927,81.94,81.8078048780488,81.8036585365854,82.1585365853659,81.53,81.4514634146342,81.0948780487805,81.6263414634146,82.1080487804878,..
"Life expectancy at birth, total (years)",SP.DYN.LE00.IN,Cayman Islands,CYM,72.744,74.378,78.367,78.615,78.835,79.052,79.23,79.3,79.984,80.358,80.54,..
"Life expectancy at birth, total (years)",SP.DYN.LE00.IN,Central African Republic,CAF,49.854,46.609,50.999,45.231,52.297,31.53,50.596,40.279,18.818,57.408,57.671,..
"Life expectancy at birth, total (years)",SP.DYN.LE00.IN,Chad,TCD,45.074,47.937,51.603,51.875,52.447,52.993,53.082,53.136,54.528,55.069,55.238,..
"Life expectancy at birth, total (years)",SP.DYN.LE00.IN,Channel Islands,CHI,76.3,78.8,81.2,81,81.1,81.2,80.9,80.3,81,81.1,81.2,..
"Life expectancy at birth, total (years)",SP.DYN.LE00.IN,Chile,CHL,73.675,77.128,80.295,80.61,80.559,80.324,79.349,78.876,79.176,81.167,81.359,..
"Life expectancy at birth, total (years)",SP.DYN.LE00.IN,China,CHN,68.155,72.288,77.214,77.235,77.709,77.94,78.019,78.117,78.202,77.953,78.017,..
"Life expectancy at birth, total (years)",SP.DYN.LE00.IN,Colombia,COL,68.701,70.905,76.228,76.418,76.579,76.793,74.757,72.698,76.508,77.725,77.913,..
"Life expectancy at birth, total (years)",SP.DYN.LE00.IN,Comoros,COM,55.62,58.941,64.792,65.127,65.401,65.662,65.756,65.201,66.481,66.777,67.023,..
"Life expectancy at birth, total (years)",SP.DYN.LE00.IN,"Congo, Dem. Rep.",COD,48.538,51.887,59.081,59.495,59.926,60.242,60.428,60.044,60.979,61.895,62.074,..
"Life expectancy at birth, total (years)",SP.DYN.LE00.IN,"Congo, Rep.",COG,57.07,55.371,63.911,64.203,64.472,63.152,64.391,64.192,65,65.772,66.001,..
"Life expectancy at birth, total (years)",SP.DYN.LE00.IN,Costa Rica,CRI,76.094,77.317,79.988,79.994,80.09,80.296,79.725,78.05,79.316,80.799,80.996,..
"Life expectancy at birth, total (years)",SP.DYN.LE00.IN,Cote d'Ivoire,CIV,52.796,51.393,58.814,59.315,59.795,60.274,60.14,60.29,61.562,61.944,62.11,..
"Life expectancy at birth, total (years)",SP.DYN.LE00.IN,Croatia,HRV,72.1704878048781,72.8078048780488,77.9219512195122,77.7268292682927,77.919512195122,78.2243902439024,77.5243902439024,76.4243902439025,77.5756097560976,78.4731707317073,78.9292682926829,..
"Life expectancy at birth, total (years)",SP.DYN.LE00.IN,Cuba,CUB,73.823,75.922,77.571,77.3,77.426,77.413,77.407,73.201,77.629,78.085,78.264,..
"Life expectancy at birth, total (years)",SP.DYN.LE00.IN,Curacao,CUW,72.439,73.283,76.322,76.423,76.493,76.492,76.501,75.686,76.729,76.8,76.989,..
"Life expectancy at birth, total (years)",SP.DYN.LE00.IN,Cyprus,CYP,76.044,77.9,81.534,81.543,81.556,81.454,81.23,80.573,80.434,81.648,81.821,..
"Life expectancy at birth, total (years)",SP.DYN.LE00.IN,Czechia,CZE,71.3839024390244,74.9682926829268,79.0268292682927,78.9780487804878,79.0292682926829,79.2292682926829,78.2268292682927,77.2219512195122,78.9292682926829,79.8268292682927,79.9780487804878,..
"Life expectancy at birth, total (years)",SP.DYN.LE00.IN,Denmark,DNK,74.8053658536585,76.5926829268293,80.8536585365854,81.1024390243903,80.9536585365854,81.4512195121951,81.6024390243903,81.4048780487805,81.3048780487805,81.7536585365854,82.2536585365854,..
"Life expectancy at birth, total (years)",SP.DYN.LE00.IN,Djibouti,DJI,55.469,56.734,63.335,63.71,64.105,64.381,64.2,63.83,65.54,65.987,66.202,..
"Life expectancy at birth, total (years)",SP.DYN.LE00.IN,Dominica,DMA,70.471,71.715,71.189,68.62,71.378,71.305,71.269,69.832,71.081,71.132,71.294,..
"Life expectancy at birth, total (years)",SP.DYN.LE00.IN,Dominican Republic,DOM,67.746,70.365,72.889,73.37,73.555,73.112,72.636,71.757,74.211,73.72,73.868,..
"Life expectancy at birth, total (years)",SP.DYN.LE00.IN,Ecuador,ECU,68.445,72.09,76.094,76.22,77.248,77.286,72.004,72.746,76.577,77.392,77.579,..
"Life expectancy at birth, total (years)",SP.DYN.LE00.IN,"Egypt, Arab Rep.",EGY,62.513,67.332,70.437,70.709,70.974,71.213,69.79,68.976,71.01,71.633,71.806,..
"Life expectancy at birth, total (years)",SP.DYN.LE00.IN,El Salvador,SLV,61.981,67.711,70.908,71.007,71.384,71.725,70.244,69.941,71.969,72.099,72.302,..
"Life expectancy at birth, total (years)",SP.DYN.LE00.IN,Equatorial Guinea,GNQ,51.397,53.395,61.081,61.481,61.915,62.297,62.141,62.447,63.355,63.707,63.906,..
"Life expectancy at birth, total (years)",SP.DYN.LE00.IN,Eritrea,ERI,49.733,56.285,66.242,66.612,66.979,67.306,66.98,66.94,67.789,68.624,68.893,..
"Life expectancy at birth, total (years)",SP.DYN.LE00.IN,Estonia,EST,69.4756097560976,70.4170731707317,77.6414634146342,78.0926829268293,78.2439024390244,78.6463414634147,78.5951219512195,76.9439024390244,77.8439024390244,78.7926829268293,79.2951219512195,..
"Life expectancy at birth, total (years)",SP.DYN.LE00.IN,Eswatini,SWZ,61.167,47.627,56.228,57.574,58.707,59.85,59.862,58.228,63.028,64.123,64.264,..
"Life expectancy at birth, total (years)",SP.DYN.LE00.IN,Ethiopia,ETH,45.117,50.88,64.162,64.766,65.257,65.741,65.969,65.33,66.897,67.315,67.603,..
"Life expectancy at birth, total (years)",SP.DYN.LE00.IN,Faroe Islands,FRO,76.1188024390244,78.4119073170732,81.962112195122,82.1062926829268,82.2486024390244,82.3912829268293,82.5341926829268,82.6763219512195,82.8162292682927,82.9521195121951,83.0832463414634,..
"Life expectancy at birth, total (years)",SP.DYN.LE00.IN,Fiji,FJI,65.056,66.194,66.657,67.06,66.965,67.009,66.924,64.904,67.148,67.316,67.463,..
"Life expectancy at birth, total (years)",SP.DYN.LE00.IN,Finland,FIN,74.8131707317073,77.4658536585366,81.4292682926829,81.6317073170732,81.7341463414634,81.9829268292683,81.9317073170732,81.8853658536585,81.1878048780488,81.5853658536585,82.3365853658537,..
"Life expectancy at birth, total (years)",SP.DYN.LE00.IN,France,FRA,76.6,79.0560975609756,82.5731707317073,82.5756097560976,82.6756097560976,82.8268292682927,82.1756097560976,82.3243902439024,82.1292682926829,82.8317073170732,82.9804878048781,..
"Life expectancy at birth, total (years)",SP.DYN.LE00.IN,French Polynesia,PYF,73.908,79,82.555,82.774,82.985,83.195,82.459,79.571,83.859,84.07,84.192,..
"Life expectancy at birth, total (years)",SP.DYN.LE00.IN,Gabon,GAB,60.736,61.81,66.583,66.816,67.043,67.337,67.073,67.072,67.713,68.337,68.511,..
"Life expectancy at birth, total (years)",SP.DYN.LE00.IN,"Gambia, The",GMB,51.278,56.899,63.386,63.708,64.034,64.427,64.418,63.847,64.859,65.86,66.057,..
"Life expectancy at birth, total (years)",SP.DYN.LE00.IN,Georgia,GEO,68.679,70.091,73.136,73.435,73.985,74.165,73.509,71.635,74.141,74.496,74.657,..
"Life expectancy at birth, total (years)",SP.DYN.LE00.IN,Germany,DEU,75.0856341463415,77.9268292682927,80.990243902439,80.9926829268293,80.8926829268293,81.2926829268293,81.0414634146342,80.790243902439,80.6080487804878,81.0414634146342,80.7926829268293,..
"Life expectancy at birth, total (years)",SP.DYN.LE00.IN,Ghana,GHA,55.395,58.139,63.522,63.829,64.138,64.455,64.309,64.286,65.246,65.498,65.695,..
"Life expectancy at birth, total (years)",SP.DYN.LE00.IN,Gibraltar,GIB,76.814,80.145,82.741,82.858,83.028,83.183,83.07,80.274,83.517,83.553,83.63,..
"Life expectancy at birth, total (years)",SP.DYN.LE00.IN,Greece,GRC,76.9390243902439,77.8878048780488,81.3878048780488,81.2878048780488,81.7878048780488,81.6390243902439,81.2878048780488,80.0829268292683,80.7878048780488,81.7365853658537,81.8390243902439,..
"Life expectancy at birth, total (years)",SP.DYN.LE00.IN,Greenland,GRL,65.0682926829268,64.8034146341463,71.1990243902439,71.2563414634146,71.3609756097561,71.4092682926829,71.2858536585366,71.2614634146342,71.230243902439,70.9724390243902,70.2734146341463,..
"Life expectancy at birth, total (years)",SP.DYN.LE00.IN,Grenada,GRD,70.546,72.955,75.01,74.977,74.957,74.971,75.019,74.522,75.151,75.205,75.367,..
"Life expectancy at birth, total (years)",SP.DYN.LE00.IN,Guam,GUM,73.455,74.894,76.449,76.463,76.561,76.645,75.529,75.434,77.102,77.209,77.422,..
"Life expectancy at birth, total (years)",SP.DYN.LE00.IN,Guatemala,GTM,61.767,67.102,71.215,71.583,71.496,71.639,69.971,67.858,71.206,72.602,72.746,..
"Life expectancy at birth, total (years)",SP.DYN.LE00.IN,Guinea,GIN,47.252,52.42,58.49,58.715,59.043,59.379,59.35,59.373,60.432,60.74,60.904,..
"Life expectancy at birth, total (years)",SP.DYN.LE00.IN,Guinea-Bissau,GNB,46.89,50.565,60.619,61.148,61.652,62.161,61.343,61.653,63.605,64.085,64.254,..
"Life expectancy at birth, total (years)",SP.DYN.LE00.IN,Guyana,GUY,62.254,64.075,68.069,68.543,68.829,69.067,67.751,64.323,69.888,70.18,70.319,..
"Life expectancy at birth, total (years)",SP.DYN.LE00.IN,Haiti,HTI,53.215,58.175,63.325,63.832,64.077,64.328,63.773,62.613,63.948,64.936,65.119,..
"Life expectancy at birth, total (years)",SP.DYN.LE00.IN,Honduras,HND,65.183,68.302,71.615,71.805,72.001,72.124,70.864,69.492,72.715,72.884,73.044,..
"Life expectancy at birth, total (years)",SP.DYN.LE00.IN,"Hong Kong SAR, China",HKG,77.3707317073171,80.8731707317073,84.2114634146342,84.6956097560976,84.869756097561,85.1558536585366,85.4963414634146,85.5326829268293,83.6609756097561,85.2473170731707,85.3926829268293,..
"Life expectancy at birth, total (years)",SP.DYN.LE00.IN,Hungary,HUN,69.3156097560976,71.2463414634146,76.0634146341464,75.8170731707317,76.0658536585366,76.3195121951219,75.419512195122,74.0658536585366,75.8682926829268,76.5707317073171,76.7243902439025,..
"Life expectancy at birth, total (years)",SP.DYN.LE00.IN,Iceland,ISL,78.0363414634146,79.6536585365854,82.2048780487805,82.6609756097561,82.8609756097561,83.1634146341463,83.0634146341463,83.1658536585366,82.119512195122,82.4560975609756,82.809756097561,..
"Life expectancy at birth, total (years)",SP.DYN.LE00.IN,India,IND,58.618,62.749,69.709,70.068,70.415,70.746,70.156,67.282,71.698,72.003,72.235,..
"Life expectancy at birth, total (years)",SP.DYN.LE00.IN,Indonesia,IDN,63.249,66.292,69.733,69.953,70.08,70.349,68.817,67.452,70.925,71.146,71.288,..
"Life expectancy at birth, total (years)",SP.DYN.LE00.IN,"Iran, Islamic Rep.",IRN,64.066,70.166,76.155,76.396,76.621,76.855,74.141,73.752,76.799,77.654,77.854,..
"Life expectancy at birth, total (years)",SP.DYN.LE00.IN,Iraq,IRQ,57.587,64.86,68.683,69.788,71.116,71.245,69.651,70.704,72.037,72.324,72.424,..
"Life expectancy at birth, total (years)",SP.DYN.LE00.IN,Ireland,IRL,74.8460731707317,76.5365853658537,81.6536585365854,82.1560975609756,82.2048780487805,82.7024390243903,82.4560975609756,82.2536585365854,82.509756097561,82.8073170731707,83.009756097561,..
"Life expectancy at birth, total (years)",SP.DYN.LE00.IN,Isle of Man,IMN,71.8,74.842,80.391,80.506,80.614,80.74,80.591,80.42,80.956,80.999,81.091,..
"Life expectancy at birth, total (years)",SP.DYN.LE00.IN,Israel,ISR,76.6073170731707,78.9536585365854,82.4073170731707,82.5512195121951,82.8024390243903,82.8048780487805,82.6487804878049,82.5,82.7,83.1951219512195,83.1975609756098,..
"Life expectancy at birth, total (years)",SP.DYN.LE00.IN,Italy,ITA,76.9707317073171,79.7780487804878,83.2439024390244,82.9463414634147,83.3463414634146,83.4975609756098,82.1951219512195,82.6463414634146,82.7,83.3512195121951,83.9512195121951,..
"Life expectancy at birth, total (years)",SP.DYN.LE00.IN,Jamaica,JAM,71.705,71.281,72.052,71.879,71.606,71.532,71.452,69.085,71.481,71.479,71.606,..
"Life expectancy at birth, total (years)",SP.DYN.LE00.IN,Japan,JPN,78.8370731707317,81.0760975609756,83.9848780487805,84.099756097561,84.2109756097561,84.3563414634146,84.56,84.4456097560976,83.9963414634146,84.0412195121951,84.0363414634146,..
"Life expectancy at birth, total (years)",SP.DYN.LE00.IN,Jordan,JOR,70.094,71.926,75.55,76.071,76.491,76.865,75.583,74.204,77.088,77.814,77.981,..
"Life expectancy at birth, total (years)",SP.DYN.LE00.IN,Kazakhstan,KAZ,65.701,63.793,72.549,72.996,73.369,73.658,71.195,70.131,73.503,74.402,74.531,..
"Life expectancy at birth, total (years)",SP.DYN.LE00.IN,Kenya,KEN,58.334,56.084,62.526,62.725,62.825,62.939,61.596,61.225,63.549,63.646,63.834,..
"Life expectancy at birth, total (years)",SP.DYN.LE00.IN,Kiribati,KIR,61.018,64.674,65.799,65.787,65.807,65.866,65.205,64.148,66.269,66.473,66.6,..
"Life expectancy at birth, total (years)",SP.DYN.LE00.IN,"Korea, Dem. People's Rep.",PRK,70.484,60.911,72.971,73.034,73.02,72.928,72.783,73.437,73.641,73.642,73.743,..
"Life expectancy at birth, total (years)",SP.DYN.LE00.IN,"Korea, Rep.",KOR,71.5975609756098,75.909756097561,82.2756097560976,82.6268292682927,82.6268292682927,83.2268292682927,83.4268292682927,83.5268292682927,82.6804878048781,83.4292682926829,83.6292682926829,..
"Life expectancy at birth, total (years)",SP.DYN.LE00.IN,Kosovo,XKX,66.508,71.321,76.748,77.105,77.117,77.249,74.212,74.981,77.623,78.033,78.222,..
"Life expectancy at birth, total (years)",SP.DYN.LE00.IN,Kuwait,KWT,73.4171463414634,76.2258780487805,79.6775853658537,79.9160731707317,80.1063658536585,81.969756097561,78.7609756097561,78.7365853658537,80.5878048780488,83.1878048780488,84.580487804878,..
"Life expectancy at birth, total (years)",SP.DYN.LE00.IN,Kyrgyz Republic,KGZ,68.2975609756098,68.5585365853659,70.9512195121951,71.2,71.4,71.6,71.8,71.9,72.0487804878049,72.2487804878049,72.4,..
"Life expectancy at birth, total (years)",SP.DYN.LE00.IN,Lao PDR,LAO,54.035,58.317,67.014,67.345,67.594,67.911,68.339,67.807,68.715,68.964,69.225,..
"Life expectancy at birth, total (years)",SP.DYN.LE00.IN,Latvia,LVA,69.2731707317073,70.3146341463415,74.580487804878,74.6292682926829,74.7829268292683,75.3878048780488,75.1853658536585,72.9804878048781,74.2780487804878,75.4268292682927,76.4292682926829,..
"Life expectancy at birth, total (years)",SP.DYN.LE00.IN,Lebanon,LBN,65.479,73.895,78.306,78.192,78.263,78.208,76.299,73.65,78.003,77.817,77.945,..
"Life expectancy at birth, total (years)",SP.DYN.LE00.IN,Lesotho,LSO,59.317,48.783,52.908,53.874,54.638,55.249,55.133,54.209,56.812,57.375,57.798,..
"Life expectancy at birth, total (years)",SP.DYN.LE00.IN,Liberia,LBR,37.644,51.852,60.483,60.777,60.999,61.232,61.267,61.166,61.934,62.163,62.324,..
"Life expectancy at birth, total (years)",SP.DYN.LE00.IN,Libya,LBY,69.312,70.542,71.799,72.721,73.151,72.941,72.388,72.062,74.462,69.339,71.121,..
"Life expectancy at birth, total (years)",SP.DYN.LE00.IN,Liechtenstein,LIE,78.3315365853659,76.8268292682927,82.2585365853659,83.7463414634147,83.0414634146342,84.1609756097561,81.6585365853659,84.4024390243902,84.1219512195122,84.5951219512195,84.2,..
"Life expectancy at birth, total (years)",SP.DYN.LE00.IN,Lithuania,LTU,71.1607317073171,72.0195121951219,74.6707317073171,75.4804878048781,75.6804878048781,76.2829268292683,75.0292682926829,74.0365853658537,75.6439024390244,77.290243902439,77.1951219512195,..
"Life expectancy at birth, total (years)",SP.DYN.LE00.IN,Luxembourg,LUX,74.7754878048781,77.8731707317073,82.6853658536585,82.0951219512195,82.2951219512195,82.6390243902439,82.1439024390244,82.5975609756098,82.9463414634147,83.309756097561,83.1951219512195,..
"Life expectancy at birth, total (years)",SP.DYN.LE00.IN,"Macao SAR, China",MAC,76.3986829268293,80.1829268292683,83.2756097560976,83.5268292682927,83.6780487804878,83.9292682926829,84.1292682926829,83.7292682926829,83.0804878048781,83.1804878048781,83.3317073170732,..
"Life expectancy at birth, total (years)",SP.DYN.LE00.IN,Madagascar,MDG,52.14,57.974,63.431,63.433,63.491,63.504,62.706,62.516,63.068,63.632,63.835,..
"Life expectancy at birth, total (years)",SP.DYN.LE00.IN,Malawi,MWI,43.575,46.17,63.163,63.914,64.464,64.995,65.216,64.782,66.037,67.353,67.561,..
"Life expectancy at birth, total (years)",SP.DYN.LE00.IN,Malaysia,MYS,70.952,72.732,75.371,75.542,75.734,75.9,76.057,73.917,75.444,76.657,76.821,..
"Life expectancy at birth, total (years)",SP.DYN.LE00.IN,Maldives,MDV,63.148,70.892,78.913,79.228,79.433,79.707,78.713,78.052,80.76,81.041,81.285,..
"Life expectancy at birth, total (years)",SP.DYN.LE00.IN,Mali,MLI,46.541,50.605,58.286,58.562,58.873,59.217,58.858,59.116,60.035,60.439,60.675,..
"Life expectancy at birth, total (years)",SP.DYN.LE00.IN,Malta,MLT,76.0459268292683,78.3487804878049,82.3536585365854,82.1951219512195,82.2487804878049,82.6585365853659,82.0975609756098,82.2585365853659,82.2975609756098,83.3560975609756,82.9560975609756,..
"Life expectancy at birth, total (years)",SP.DYN.LE00.IN,Marshall Islands,MHL,61.756,63.323,65.477,65.673,65.87,66.047,65.387,65.421,66.725,66.945,67.075,..
"Life expectancy at birth, total (years)",SP.DYN.LE00.IN,Mauritania,MRT,58.087,61.044,66.823,67.088,67.419,67.64,66.794,66.762,68.281,68.484,68.713,..
"Life expectancy at birth, total (years)",SP.DYN.LE00.IN,Mauritius,MUS,69.4048780487805,71.6634146341463,74.3948780487805,74.5146341463415,74.4163414634146,74.2358536585366,74.1770731707317,73.680243902439,73.5146341463415,73.4121951219512,73.7890243902439,..
"Life expectancy at birth, total (years)",SP.DYN.LE00.IN,Mexico,MEX,69.034,72.562,74.376,74.261,74.301,74.53,70.449,69.75,73.973,75.069,75.264,..
"Life expectancy at birth, total (years)",SP.DYN.LE00.IN,"Micronesia, Fed. Sts.",FSM,63.722,64.317,65.576,65.761,65.943,66.196,65.878,66.152,66.961,67.198,67.357,..
"Life expectancy at birth, total (years)",SP.DYN.LE00.IN,Moldova,MDA,67.92,67.462,70.179,70.375,70.236,70.181,69.914,68.991,71.546,71.198,71.332,..
"Life expectancy at birth, total (years)",SP.DYN.LE00.IN,Monaco,MCO,79.436,82.121,85.63,85.878,86.084,86.151,86.089,85.113,85.746,86.372,86.497,..
"Life expectancy at birth, total (years)",SP.DYN.LE00.IN,Mongolia,MNG,58.8011951219512,63.2104878048781,70.2239024390244,70.5434146341463,70.8270731707317,71.0531707317073,71.3490243902439,71.6451219512195,71.9007317073171,72.1224390243902,72.3980487804878,..
"Life expectancy at birth, total (years)",SP.DYN.LE00.IN,Montenegro,MNE,73.6963414634146,73.3968048780488,76.5414634146342,76.6853658536585,77.8853658536585,76.6829268292683,75.9317073170732,73.8243902439024,76.1878048780488,77.5878048780488,77.890243902439,..
"Life expectancy at birth, total (years)",SP.DYN.LE00.IN,Morocco,MAR,62.396,66.794,73.228,73.608,73.946,74.245,73.133,73.385,75.161,75.313,75.493,..
"Life expectancy at birth, total (years)",SP.DYN.LE00.IN,Mozambique,MOZ,44.337,49.476,59.455,60.148,60.79,61.306,61.39,60.268,63.011,63.611,63.797,..
"Life expectancy at birth, total (years)",SP.DYN.LE00.IN,Myanmar,MMR,57.159,60.357,65.64,65.909,66.232,66.457,66.612,65.553,66.506,66.889,67.095,..
"Life expectancy at birth, total (years)",SP.DYN.LE00.IN,Namibia,NAM,61.359,52.946,60.81,61.661,62.579,63.546,64.071,60.85,64.19,67.385,67.516,..
"Life expectancy at birth, total (years)",SP.DYN.LE00.IN,Naoero,NRU,59.102,59.574,60.996,61.101,61.238,61.393,61.527,61.331,61.93,62.109,62.279,..
"Life expectancy at birth, total (years)",SP.DYN.LE00.IN,Nepal,NPL,54.771,62.642,68.444,68.74,69.036,69.299,69.106,68.385,70.087,70.354,70.636,..
"Life expectancy at birth, total (years)",SP.DYN.LE00.IN,Netherlands,NLD,76.8780487804878,77.9878048780488,81.5609756097561,81.7609756097561,81.8121951219512,82.1121951219512,81.3585365853659,81.309756097561,81.6146341463415,81.8634146341464,81.9658536585366,..
"Life expectancy at birth, total (years)",SP.DYN.LE00.IN,New Caledonia,NCL,69.526,73.574,77.359,77.504,77.557,77.262,77.049,77.113,77.698,78.766,78.921,..
"Life expectancy at birth, total (years)",SP.DYN.LE00.IN,New Zealand,NZL,75.3780487804878,78.6365853658537,81.6585365853659,81.8585365853659,81.7073170731707,82.0560975609756,82.2560975609756,82.2073170731707,81.9585365853658,81.7585365853659,82.009756097561,..
"Life expectancy at birth, total (years)",SP.DYN.LE00.IN,Nicaragua,NIC,62.473,66.36,73.18,73.389,73.879,73.764,70.766,70.478,74.463,74.947,75.1,..
"Life expectancy at birth, total (years)",SP.DYN.LE00.IN,Niger,NER,41.732,49.172,59.228,59.524,59.765,60.031,59.89,59.542,60.398,61.183,61.433,..
"Life expectancy at birth, total (years)",SP.DYN.LE00.IN,Nigeria,NGA,45.733,47.143,52.189,52.397,52.669,53.009,53.072,53.455,54.079,54.462,54.635,..
"Life expectancy at birth, total (years)",SP.DYN.LE00.IN,North Macedonia,MKD,71.1720975609756,72.9463414634147,75.4,75.9536585365854,76.6487804878049,76.6024390243903,74.3951219512195,73.2463414634146,74.4248780487805,75.3160975609756,76.6165853658537,..
"Life expectancy at birth, total (years)",SP.DYN.LE00.IN,Northern Mariana Islands,MNP,70.038,74.9,77.392,77.47,77.51,77.844,78.03,78.16,78.531,78.808,78.947,..
"Life expectancy at birth, total (years)",SP.DYN.LE00.IN,Norway,NOR,76.5373170731707,78.6341463414634,82.4073170731707,82.609756097561,82.7585365853659,82.9585365853659,83.209756097561,83.1634146341463,82.509756097561,83.0121951219512,83.1609756097561,..
"Life expectancy at birth, total (years)",SP.DYN.LE00.IN,Oman,OMN,69.012,73.643,79.581,79.748,79.864,79.946,77.763,75.969,77.911,80.031,80.246,..
"Life expectancy at birth, total (years)",SP.DYN.LE00.IN,Pakistan,PAK,59.728,61.903,65.943,66.223,66.481,66.729,65.701,65.773,67.417,67.649,67.799,..
"Life expectancy at birth, total (years)",SP.DYN.LE00.IN,Palau,PLW,62.79,64.499,69.046,69.019,68.989,68.982,68.689,68.563,68.922,69.269,69.383,..
"Life expectancy at birth, total (years)",SP.DYN.LE00.IN,Panama,PAN,71.266,73.443,77.772,77.901,78.266,78.514,76.33,77.004,79.324,79.594,79.775,..
"Life expectancy at birth, total (years)",SP.DYN.LE00.IN,Papua New Guinea,PNG,59.778,61.609,64.7,64.923,65.114,65.331,65.075,64.358,65.274,66.134,66.256,..
"Life expectancy at birth, total (years)",SP.DYN.LE00.IN,Paraguay,PRY,67.341,70.026,73.487,73.45,73.627,73.668,72.72,68.108,72.319,73.844,73.982,..
"Life expectancy at birth, total (years)",SP.DYN.LE00.IN,Peru,PER,63.979,69.821,75.951,75.958,76.018,76.275,73.832,71.596,76.834,77.74,77.941,..
"Life expectancy at birth, total (years)",SP.DYN.LE00.IN,Philippines,PHL,64.382,67.789,69.49,69.966,69.761,69.68,70.097,66.675,69.472,69.833,69.946,..
"Life expectancy at birth, total (years)",SP.DYN.LE00.IN,Poland,POL,70.890243902439,73.7487804878049,77.8512195121951,77.7536585365854,77.6024390243903,77.9048780487805,76.4,75.3512195121951,77.1560975609756,78.2585365853659,78.409756097561,..
"Life expectancy at birth, total (years)",SP.DYN.LE00.IN,Portugal,PRT,73.9658536585366,76.3146341463415,81.1243902439025,81.4243902439025,81.3243902439024,81.6756097560976,81.3292682926829,81.3780487804878,81.6317073170732,82.3292682926829,82.3829268292683,..
"Life expectancy at birth, total (years)",SP.DYN.LE00.IN,Puerto Rico (US),PRI,72.827,75.514,80.355,79.07,81.086,81.438,80.009,79.77,79.427,81.69,81.902,..
"Life expectancy at birth, total (years)",SP.DYN.LE00.IN,Qatar,QAT,73.405,75.25,82.147,82.458,82.714,82.945,80.409,81.083,81.857,82.368,82.522,..
"Life expectancy at birth, total (years)",SP.DYN.LE00.IN,Romania,ROU,69.7412195121951,71.1634146341463,75.209756097561,75.209756097561,75.3585365853659,75.6073170731707,74.2536585365854,72.809756097561,75.1536585365854,76.4048780487805,76.4585365853659,..
"Life expectancy at birth, total (years)",SP.DYN.LE00.IN,Russian Federation,RUS,68.8860975609756,65.4836585365854,71.6512195121951,72.4514634146342,72.6621951219512,73.0839024390244,71.3387804878049,69.900243902439,72.5456097560976,73.2546341463415,73.4404878048781,..
"Life expectancy at birth, total (years)",SP.DYN.LE00.IN,Rwanda,RWA,47.763,47.798,65.733,66.14,66.354,66.691,66.953,66.85,67.528,67.785,68.017,..
"Life expectancy at birth, total (years)",SP.DYN.LE00.IN,Samoa,WSM,67.808,70.791,71.003,70.991,71.052,70.269,70.727,71.096,71.55,71.698,71.826,..
"Life expectancy at birth, total (years)",SP.DYN.LE00.IN,San Marino,SMR,77.783,80.504,84.775,84.933,85.095,85.257,82.65,83.539,85.708,85.706,85.817,..
"Life expectancy at birth, total (years)",SP.DYN.LE00.IN,Sao Tome and Principe,STP,60.707,61.207,66.563,67.074,67.602,68.043,67.979,68.026,69.237,69.718,69.905,..
"Life expectancy at birth, total (years)",SP.DYN.LE00.IN,Saudi Arabia,SAU,68.874,72.607,78.354,78.721,78.75,78.313,77.596,77.089,77.31,78.732,78.982,..
"Life expectancy at birth, total (years)",SP.DYN.LE00.IN,Senegal,SEN,56.674,57.615,66.724,67.059,67.379,67.668,67.496,66.868,67.788,68.683,68.924,..
"Life expectancy at birth, total (years)",SP.DYN.LE00.IN,Serbia,SRB,72.1552682926829,71.5829268292683,75.6878048780488,75.5390243902439,75.890243902439,75.9365853658537,74.4780487804878,72.780487804878,75.2365853658537,76.1414634146341,75.9682926829268,..
"Life expectancy at birth, total (years)",SP.DYN.LE00.IN,Seychelles,SYC,68.1073170731707,72.7780487804878,74.309756097561,74.3,72.8414634146341,74.0463414634146,77.2365853658537,73.3975609756097,74.509756097561,75.419512195122,76.2951219512195,..
"Life expectancy at birth, total (years)",SP.DYN.LE00.IN,Sierra Leone,SLE,43.72,44.834,56.937,57.761,59.059,59.593,59.694,60.26,61.275,61.786,61.964,..
"Life expectancy at birth, total (years)",SP.DYN.LE00.IN,Singapore,SGP,75.2951219512195,77.9512195121951,82.8463414634146,83.0951219512195,83.2975609756098,83.5951219512195,83.5439024390244,83.0926829268293,82.8951219512195,83.0975609756098,83.3463414634146,..
"Life expectancy at birth, total (years)",SP.DYN.LE00.IN,Sint Maarten (Dutch part),SXM,72.414,74.409,75.952,75.455,75.693,75.68,75.002,74.505,76.18,76.371,76.528,..
"Life expectancy at birth, total (years)",SP.DYN.LE00.IN,Slovak Republic,SVK,70.9326829268293,73.0512195121951,77.1658536585366,77.1658536585366,77.2658536585366,77.6658536585366,76.8658536585366,74.6146341463415,76.9658536585366,78.119512195122,78.3707317073171,..
"Life expectancy at birth, total (years)",SP.DYN.LE00.IN,Slovenia,SVN,73.2048780487805,75.4121951219512,81.1756097560976,81.0292682926829,81.3780487804878,81.5292682926829,80.5317073170732,80.6756097560976,81.2829268292683,81.9292682926829,82.2853658536585,..
"Life expectancy at birth, total (years)",SP.DYN.LE00.IN,Solomon Islands,SLB,66.194,67.116,69.501,69.652,69.806,69.981,69.258,68.89,70.409,70.528,70.694,..
"Life expectancy at birth, total (years)",SP.DYN.LE00.IN,"Somalia, Fed. Rep.",SOM,46.896,50.747,55.283,52.19,54.767,57.249,57.095,55.703,53.931,58.816,58.967,..
"Life expectancy at birth, total (years)",SP.DYN.LE00.IN,South Africa,ZAF,62.942,58.368,64.749,65.422,65.726,66.071,65.15,62.01,65.454,66.139,66.312,..
"Life expectancy at birth, total (years)",SP.DYN.LE00.IN,South Sudan,SSD,28.628,47.591,36.72,35.351,51.905,58.129,57.648,57.047,57.203,57.617,57.738,..
"Life expectancy at birth, total (years)",SP.DYN.LE00.IN,Spain,ESP,76.8375609756098,78.9658536585366,83.3292682926829,83.2829268292683,83.4317073170732,83.8317073170732,82.2317073170732,83.1780487804878,83.1341463414634,83.9341463414634,83.8878048780488,..
"Life expectancy at birth, total (years)",SP.DYN.LE00.IN,Sri Lanka,LKA,69.239,71.179,76.136,76.239,76.485,76.698,76.928,76.278,77.3,77.483,77.672,..
"Life expectancy at birth, total (years)",SP.DYN.LE00.IN,St. Kitts and Nevis,KNA,65.641,69.249,71.227,71.284,71.336,71.54,71.181,69.271,70.313,72.145,72.281,..
"Life expectancy at birth, total (years)",SP.DYN.LE00.IN,St. Lucia,LCA,70.008,70.779,72.552,72.522,72.655,72.249,72.308,69.119,72.67,72.697,72.846,..
"Life expectancy at birth, total (years)",SP.DYN.LE00.IN,St. Martin (French part),MAF,74.565,76.793,79.885,78.762,80.029,80.078,80.085,80.206,80.236,80.224,80.438,..
"Life expectancy at birth, total (years)",SP.DYN.LE00.IN,St. Vincent and the Grenadines,VCT,70.647,70.35,70.7,71.013,71.017,70.994,69.605,69.132,71.191,71.23,71.382,..
"Life expectancy at birth, total (years)",SP.DYN.LE00.IN,Sudan,SDN,55.497,58.946,64.677,65.146,65.501,65.803,65.124,64.46,65.695,66.331,66.521,..
"Life expectancy at birth, total (years)",SP.DYN.LE00.IN,Suriname,SUR,62.088,64.409,70.979,71.247,71.468,71.773,72.321,68.943,73.254,73.631,73.757,..
"Life expectancy at birth, total (years)",SP.DYN.LE00.IN,Sweden,SWE,77.5368292682927,79.6439024390244,82.3073170731707,82.409756097561,82.5585365853659,83.109756097561,82.3560975609756,83.0560975609756,83.0585365853659,83.309756097561,84.0634146341463,..
"Life expectancy at birth, total (years)",SP.DYN.LE00.IN,Switzerland,CHE,77.2424390243902,79.6804878048781,83.6024390243903,83.5512195121951,83.7536585365854,83.9048780487805,83,83.7512195121951,83.6048780487805,84.1560975609756,84.4073170731707,..
"Life expectancy at birth, total (years)",SP.DYN.LE00.IN,Syrian Arab Republic,SYR,69.83,70.856,65.19,65.651,67.371,70.97,71.944,72.418,72.79,72.12,72.56,..
"Life expectancy at birth, total (years)",SP.DYN.LE00.IN,Tajikistan,TJK,61.636,63.542,69.982,70.524,70.737,70.962,68.605,69.594,71.562,71.79,71.927,..
"Life expectancy at birth, total (years)",SP.DYN.LE00.IN,Tanzania,TZA,51.985,53.244,64.404,64.963,65.488,66.007,66.771,66.131,66.879,66.995,67.212,..
"Life expectancy at birth, total (years)",SP.DYN.LE00.IN,Thailand,THA,68.924,71.205,76.769,76.989,77.19,77.197,77.331,77.606,75.291,76.412,76.564,..
"Life expectancy at birth, total (years)",SP.DYN.LE00.IN,Timor-Leste,TLS,45.185,58.097,65.61,65.898,66.204,66.496,66.919,66.199,67.368,67.689,67.904,..
"Life expectancy at birth, total (years)",SP.DYN.LE00.IN,Togo,TGO,54.566,54.587,59.677,60.145,60.608,61.061,61.14,61.337,62.292,62.74,62.935,..
"Life expectancy at birth, total (years)",SP.DYN.LE00.IN,Tonga,TON,67.539,69.635,71.951,72.066,72.169,72.292,72.379,72.13,72.635,72.895,73.07,..
"Life expectancy at birth, total (years)",SP.DYN.LE00.IN,Trinidad and Tobago,TTO,67.591,68.629,72.935,72.984,72.658,72.836,72.645,71.111,73.331,73.49,73.617,..
"Life expectancy at birth, total (years)",SP.DYN.LE00.IN,Tunisia,TUN,69.092,72.604,75.007,75.177,75.37,75.599,75.004,72.893,76.05,76.508,76.711,..
"Life expectancy at birth, total (years)",SP.DYN.LE00.IN,Turkiye,TUR,67.835,71.931,76.595,77.037,77.454,77.737,76.525,75.722,77.591,77.156,77.421,..
"Life expectancy at birth, total (years)",SP.DYN.LE00.IN,Turkmenistan,TKM,63.867,64.931,69.142,69.19,69.272,69.405,68.846,69.353,69.913,70.073,70.201,..
"Life expectancy at birth, total (years)",SP.DYN.LE00.IN,Turks and Caicos Islands,TCA,70.218,73.972,77.437,77.505,77.596,77.691,77.499,77.234,77.918,78.008,78.181,..
"Life expectancy at birth, total (years)",SP.DYN.LE00.IN,Tuvalu,TUV,61.643,63.536,65.51,65.683,65.871,66.109,66.357,65.824,66.852,67.105,67.259,..
"Life expectancy at birth, total (years)",SP.DYN.LE00.IN,Uganda,UGA,47.561,49.64,64.494,65.174,65.775,66.354,66.41,66.45,67.675,68.252,68.487,..
"Life expectancy at birth, total (years)",SP.DYN.LE00.IN,Ukraine,UKR,70.354,67.786,73.389,73.993,73.569,73.92,73.283,71.631,72.658,73.422,74.692,..
"Life expectancy at birth, total (years)",SP.DYN.LE00.IN,United Arab Emirates,ARE,71.074,76.347,82.195,82.388,82.449,82.596,81.936,79.083,80.487,82.909,83.069,..
"Life expectancy at birth, total (years)",SP.DYN.LE00.IN,United Kingdom,GBR,75.8804878048781,77.7414634146342,81.1560975609756,81.2560975609756,81.2560975609756,81.3691219512195,80.331756097561,80.6473170731707,81.0112195121951,81.2380975609756,81.3868536585366,..
"Life expectancy at birth, total (years)",SP.DYN.LE00.IN,United States,USA,75.2146341463415,76.6365853658537,78.5390243902439,78.5390243902439,78.6390243902439,78.7878048780488,76.9804878048781,76.3292682926829,77.4341463414634,78.3853658536585,78.890243902439,..
"Life expectancy at birth, total (years)",SP.DYN.LE00.IN,Uruguay,URY,72.994,74.693,77.351,77.618,77.527,77.503,78.381,75.434,76.468,78.138,78.287,..
"Life expectancy at birth, total (years)",SP.DYN.LE00.IN,Uzbekistan,UZB,65.772,65.456,71.58,71.737,71.999,72.093,71.461,71.681,72.147,72.388,72.528,..
"Life expectancy at birth, total (years)",SP.DYN.LE00.IN,Vanuatu,VUT,66.684,68.586,70.397,70.5,70.626,70.783,70.385,69.952,71.302,71.477,71.654,..
"Life expectancy at birth, total (years)",SP.DYN.LE00.IN,"Venezuela, RB",VEN,70.964,72.388,72.002,71.903,72.641,72.766,72.369,71.536,72.566,72.514,72.673,..
"Life expectancy at birth, total (years)",SP.DYN.LE00.IN,Viet Nam,VNM,69.027,72.746,73.984,74.026,74.1,74.211,75.383,74.145,74.502,74.588,74.736,..
"Life expectancy at birth, total (years)",SP.DYN.LE00.IN,Virgin Islands (U.S.),VIR,70.6799756097561,76.619512195122,79.1682926829268,79.3682926829268,79.5195121951219,79.6682926829268,79.819512195122,80.0682926829268,80.319512195122,80.519512195122,80.7707317073171,..
"Life expectancy at birth, total (years)",SP.DYN.LE00.IN,West Bank and Gaza,PSE,67.803,70.298,74.917,75.216,75.38,75.811,74.998,73.89,76.662,65.17,69.213,..
"Life expectancy at birth, total (years)",SP.DYN.LE00.IN,"Yemen, Rep.",YEM,58.528,62.761,67.105,67.12,65.915,66.567,66.435,66.019,67.952,69.295,69.439,..
"Life expectancy at birth, total (years)",SP.DYN.LE00.IN,Zambia,ZMB,48.204,46.577,61.129,61.564,62.138,62.914,63.361,62.363,65.279,66.349,66.528,..
"Life expectancy at birth, total (years)",SP.DYN.LE00.IN,Zimbabwe,ZWE,58.319,46.034,59.76,60.263,60.906,61.06,61.53,60.135,62.36,62.775,63.064,..
,,,,,,,,,,,,,,,
,,,,,,,,,,,,,,,
,,,,,,,,,,,,,,,
Data from database: World Development Indicators,,,,,,,,,,,,,,,
Last Updated: 07/13/2026,,,,,,,,,,,,,,,
