Ajile,The Runner,4
Ajile,Spider-Man: Brand New Day,5
Ajile,The Odyssey,3
Ajile,Obsession,2
Ajile,Project Hail Mary,5
Ajile,Toy Story 5,4
Dayra,The Runner,3
Dayra,Spider-Man: Brand New Day,4
Dayra,Obsession,4
Dayra,Toy Story 5,5
Ibrahim,The Runner,5
Ibrahim,Spider-Man: Brand New Day,3
Ibrahim,The Odyssey,4
Ibrahim,Project Hail Mary,3
Ibrahim,Toy Story 5,2
Josh,Spider-Man: Brand New Day,4
Josh,Obsession,2
Josh,Toy Story 5,5
Sara,The Runner,3
Sara,The Odyssey,5
Sara,Obsession,4
Sara,Project Hail Mary,4
Sara,Toy Story 5,3
